ID,Vessel,ware,collection,percent_complete
CA230334_1,CA230334,Capulí,Museo del Oro,1
CA230334_2,CA230334,Capulí,Museo del Oro,1
CA230334_3,CA230334,Capulí,Museo del Oro,1
CA230334_4,CA230334,Capulí,Museo del Oro,1
CA230334_5,CA230334,Capulí,Museo del Oro,1
CA230334_6,CA230334,Capulí,Museo del Oro,1
CA230334_7,CA230334,Capulí,Museo del Oro,1
CA230334_8,CA230334,Capulí,Museo del Oro,1
CA230334_9,CA230334,Capulí,Museo del Oro,1
CA230334_10,CA230334,Capulí,Museo del Oro,1
CA230334_11,CA230334,Capulí,Museo del Oro,1
CA230334_12,CA230334,Capulí,Museo del Oro,1
CA230334_13,CA230334,Capulí,Museo del Oro,1
CA230334_14,CA230334,Capulí,Museo del Oro,1
CA230334_15,CA230334,Capulí,Museo del Oro,1
CA230334_16,CA230334,Capulí,Museo del Oro,1
CA230334_17,CA230334,Capulí,Museo del Oro,1
CA230334_18,CA230334,Capulí,Museo del Oro,1
CA230334_19,CA230334,Capulí,Museo del Oro,1
CA230334_20,CA230334,Capulí,Museo del Oro,1
CA230334_21,CA230334,Capulí,Museo del Oro,1
CA230334_22,CA230334,Capulí,Museo del Oro,1
CA230334_23,CA230334,Capulí,Museo del Oro,1
CA230334_24,CA230334,Capulí,Museo del Oro,1
CA230334_25,CA230334,Capulí,Museo del Oro,1
CA230334_26,CA230334,Capulí,Museo del Oro,1
CA230334_27,CA230334,Capulí,Museo del Oro,1
CA230334_28,CA230334,Capulí,Museo del Oro,1
CA230334_29,CA230334,Capulí,Museo del Oro,1
CA230334_30,CA230334,Capulí,Museo del Oro,1
CA230334_31,CA230334,Capulí,Museo del Oro,1
CA230334_32,CA230334,Capulí,Museo del Oro,1
CA230334_33,CA230334,Capulí,Museo del Oro,1
CA230334_34,CA230334,Capulí,Museo del Oro,1
CA230334_35,CA230334,Capulí,Museo del Oro,1
CA230334_36,CA230334,Capulí,Museo del Oro,1
CA230335_1,CA230335,Tuza,Museo del Oro,1
CA230335_2,CA230335,Tuza,Museo del Oro,1
CA230335_3,CA230335,Tuza,Museo del Oro,1
CA230335_4,CA230335,Tuza,Museo del Oro,1
CA230335_5,CA230335,Tuza,Museo del Oro,1
CA230335_6,CA230335,Tuza,Museo del Oro,1
CA230335_7,CA230335,Tuza,Museo del Oro,0.999418003
CA230335_8,CA230335,Tuza,Museo del Oro,0.998823707
CA230335_9,CA230335,Tuza,Museo del Oro,0.998724076
CA230335_10,CA230335,Tuza,Museo del Oro,0.998907151
CA230335_11,CA230335,Tuza,Museo del Oro,0.9995895
CA230335_12,CA230335,Tuza,Museo del Oro,0.999536253
CA230335_13,CA230335,Tuza,Museo del Oro,0.999503963
CA230335_14,CA230335,Tuza,Museo del Oro,1
CA230335_15,CA230335,Tuza,Museo del Oro,1
CA230335_16,CA230335,Tuza,Museo del Oro,1
CA230335_17,CA230335,Tuza,Museo del Oro,1
CA230335_18,CA230335,Tuza,Museo del Oro,1
CA230335_19,CA230335,Tuza,Museo del Oro,1
CA230335_20,CA230335,Tuza,Museo del Oro,1
CA230335_21,CA230335,Tuza,Museo del Oro,1
CA230335_22,CA230335,Tuza,Museo del Oro,1
CA230335_23,CA230335,Tuza,Museo del Oro,1
CA230335_24,CA230335,Tuza,Museo del Oro,1
CA230335_25,CA230335,Tuza,Museo del Oro,1
CA230335_26,CA230335,Tuza,Museo del Oro,1
CA230335_27,CA230335,Tuza,Museo del Oro,1
CA230335_28,CA230335,Tuza,Museo del Oro,1
CA230335_29,CA230335,Tuza,Museo del Oro,1
CA230335_30,CA230335,Tuza,Museo del Oro,1
CA230335_31,CA230335,Tuza,Museo del Oro,1
CA230335_32,CA230335,Tuza,Museo del Oro,1
CA230335_33,CA230335,Tuza,Museo del Oro,1
CA230335_34,CA230335,Tuza,Museo del Oro,1
CA230335_35,CA230335,Tuza,Museo del Oro,1
CA230335_36,CA230335,Tuza,Museo del Oro,1
CA230337_1,CA230337,Piartal - 2,Museo del Oro,0.996469581
CA230337_2,CA230337,Piartal - 2,Museo del Oro,1
CA230337_3,CA230337,Piartal - 2,Museo del Oro,0.997332271
CA230337_4,CA230337,Piartal - 2,Museo del Oro,0.997629051
CA230337_5,CA230337,Piartal - 2,Museo del Oro,1
CA230337_6,CA230337,Piartal - 2,Museo del Oro,0.999643606
CA230337_7,CA230337,Piartal - 2,Museo del Oro,0.999285488
CA230337_8,CA230337,Piartal - 2,Museo del Oro,1
CA230337_9,CA230337,Piartal - 2,Museo del Oro,0.99862463
CA230337_10,CA230337,Piartal - 2,Museo del Oro,0.998060453
CA230337_11,CA230337,Piartal - 2,Museo del Oro,0.997370133
CA230337_12,CA230337,Piartal - 2,Museo del Oro,0.998575028
CA230337_13,CA230337,Piartal - 2,Museo del Oro,0.997606975
CA230337_14,CA230337,Piartal - 2,Museo del Oro,0.997261827
CA230337_15,CA230337,Piartal - 2,Museo del Oro,0.997687493
CA230337_16,CA230337,Piartal - 2,Museo del Oro,0.998203232
CA230337_17,CA230337,Piartal - 2,Museo del Oro,0.997208658
CA230337_18,CA230337,Piartal - 2,Museo del Oro,0.994601875
CA230337_19,CA230337,Piartal - 2,Museo del Oro,0.997800104
CA230337_20,CA230337,Piartal - 2,Museo del Oro,0.99571783
CA230337_21,CA230337,Piartal - 2,Museo del Oro,0.996963985
CA230337_22,CA230337,Piartal - 2,Museo del Oro,0.996071303
CA230337_23,CA230337,Piartal - 2,Museo del Oro,0.993398238
CA230337_24,CA230337,Piartal - 2,Museo del Oro,0.994239916
CA230337_25,CA230337,Piartal - 2,Museo del Oro,0.995068499
CA230337_26,CA230337,Piartal - 2,Museo del Oro,0.9945898
CA230337_27,CA230337,Piartal - 2,Museo del Oro,0.996938398
CA230337_28,CA230337,Piartal - 2,Museo del Oro,0.996805279
CA230337_29,CA230337,Piartal - 2,Museo del Oro,0.998358202
CA230337_30,CA230337,Piartal - 2,Museo del Oro,0.997351677
CA230337_31,CA230337,Piartal - 2,Museo del Oro,0.99718881
CA230337_32,CA230337,Piartal - 2,Museo del Oro,0.996822096
CA230337_33,CA230337,Piartal - 2,Museo del Oro,1
CA230337_34,CA230337,Piartal - 2,Museo del Oro,0.99966288
CA230337_35,CA230337,Piartal - 2,Museo del Oro,0.996950757
CA230337_36,CA230337,Piartal - 2,Museo del Oro,0.996035044
CA230347_1,CA230347,Piartal - 2,Museo del Oro,1
CA230347_2,CA230347,Piartal - 2,Museo del Oro,1
CA230347_3,CA230347,Piartal - 2,Museo del Oro,1
CA230347_4,CA230347,Piartal - 2,Museo del Oro,1
CA230347_5,CA230347,Piartal - 2,Museo del Oro,1
CA230347_6,CA230347,Piartal - 2,Museo del Oro,1
CA230347_7,CA230347,Piartal - 2,Museo del Oro,1
CA230347_8,CA230347,Piartal - 2,Museo del Oro,1
CA230347_9,CA230347,Piartal - 2,Museo del Oro,1
CA230347_10,CA230347,Piartal - 2,Museo del Oro,1
CA230347_11,CA230347,Piartal - 2,Museo del Oro,1
CA230347_12,CA230347,Piartal - 2,Museo del Oro,1
CA230347_13,CA230347,Piartal - 2,Museo del Oro,1
CA230347_14,CA230347,Piartal - 2,Museo del Oro,1
CA230347_15,CA230347,Piartal - 2,Museo del Oro,1
CA230347_16,CA230347,Piartal - 2,Museo del Oro,1
CA230347_17,CA230347,Piartal - 2,Museo del Oro,1
CA230347_18,CA230347,Piartal - 2,Museo del Oro,1
CA230347_19,CA230347,Piartal - 2,Museo del Oro,1
CA230347_20,CA230347,Piartal - 2,Museo del Oro,1
CA230347_21,CA230347,Piartal - 2,Museo del Oro,1
CA230347_22,CA230347,Piartal - 2,Museo del Oro,1
CA230347_23,CA230347,Piartal - 2,Museo del Oro,1
CA230347_24,CA230347,Piartal - 2,Museo del Oro,1
CA230347_25,CA230347,Piartal - 2,Museo del Oro,1
CA230347_26,CA230347,Piartal - 2,Museo del Oro,1
CA230347_27,CA230347,Piartal - 2,Museo del Oro,1
CA230347_28,CA230347,Piartal - 2,Museo del Oro,1
CA230347_29,CA230347,Piartal - 2,Museo del Oro,1
CA230347_30,CA230347,Piartal - 2,Museo del Oro,1
CA230347_31,CA230347,Piartal - 2,Museo del Oro,1
CA230347_32,CA230347,Piartal - 2,Museo del Oro,1
CA230347_33,CA230347,Piartal - 2,Museo del Oro,1
CA230347_34,CA230347,Piartal - 2,Museo del Oro,1
CA230347_35,CA230347,Piartal - 2,Museo del Oro,1
CA230347_36,CA230347,Piartal - 2,Museo del Oro,1
CA230348_1,CA230348,Capulí,Museo del Oro,1
CA230348_2,CA230348,Capulí,Museo del Oro,1
CA230348_3,CA230348,Capulí,Museo del Oro,1
CA230348_4,CA230348,Capulí,Museo del Oro,1
CA230348_5,CA230348,Capulí,Museo del Oro,1
CA230348_6,CA230348,Capulí,Museo del Oro,1
CA230348_7,CA230348,Capulí,Museo del Oro,1
CA230348_8,CA230348,Capulí,Museo del Oro,1
CA230348_9,CA230348,Capulí,Museo del Oro,1
CA230348_10,CA230348,Capulí,Museo del Oro,1
CA230348_11,CA230348,Capulí,Museo del Oro,1
CA230348_12,CA230348,Capulí,Museo del Oro,1
CA230348_13,CA230348,Capulí,Museo del Oro,1
CA230348_14,CA230348,Capulí,Museo del Oro,1
CA230348_15,CA230348,Capulí,Museo del Oro,1
CA230348_16,CA230348,Capulí,Museo del Oro,1
CA230348_17,CA230348,Capulí,Museo del Oro,1
CA230348_18,CA230348,Capulí,Museo del Oro,1
CA230348_19,CA230348,Capulí,Museo del Oro,1
CA230348_20,CA230348,Capulí,Museo del Oro,1
CA230348_21,CA230348,Capulí,Museo del Oro,1
CA230348_22,CA230348,Capulí,Museo del Oro,1
CA230348_23,CA230348,Capulí,Museo del Oro,1
CA230348_24,CA230348,Capulí,Museo del Oro,1
CA230348_25,CA230348,Capulí,Museo del Oro,1
CA230348_26,CA230348,Capulí,Museo del Oro,1
CA230348_27,CA230348,Capulí,Museo del Oro,1
CA230348_28,CA230348,Capulí,Museo del Oro,1
CA230348_29,CA230348,Capulí,Museo del Oro,1
CA230348_30,CA230348,Capulí,Museo del Oro,1
CA230348_31,CA230348,Capulí,Museo del Oro,1
CA230348_32,CA230348,Capulí,Museo del Oro,1
CA230348_33,CA230348,Capulí,Museo del Oro,1
CA230348_34,CA230348,Capulí,Museo del Oro,1
CA230348_35,CA230348,Capulí,Museo del Oro,1
CA230348_36,CA230348,Capulí,Museo del Oro,1
CA230354_1,CA230354,Tuza,Museo del Oro,1
CA230354_2,CA230354,Tuza,Museo del Oro,1
CA230354_3,CA230354,Tuza,Museo del Oro,1
CA230354_4,CA230354,Tuza,Museo del Oro,1
CA230354_5,CA230354,Tuza,Museo del Oro,1
CA230354_6,CA230354,Tuza,Museo del Oro,1
CA230354_7,CA230354,Tuza,Museo del Oro,0.999624751
CA230354_8,CA230354,Tuza,Museo del Oro,0.999493224
CA230354_9,CA230354,Tuza,Museo del Oro,0.9997943
CA230354_10,CA230354,Tuza,Museo del Oro,1
CA230354_11,CA230354,Tuza,Museo del Oro,1
CA230354_12,CA230354,Tuza,Museo del Oro,1
CA230354_13,CA230354,Tuza,Museo del Oro,1
CA230354_14,CA230354,Tuza,Museo del Oro,1
CA230354_15,CA230354,Tuza,Museo del Oro,1
CA230354_16,CA230354,Tuza,Museo del Oro,1
CA230354_17,CA230354,Tuza,Museo del Oro,1
CA230354_18,CA230354,Tuza,Museo del Oro,1
CA230354_19,CA230354,Tuza,Museo del Oro,1
CA230354_20,CA230354,Tuza,Museo del Oro,1
CA230354_21,CA230354,Tuza,Museo del Oro,1
CA230354_22,CA230354,Tuza,Museo del Oro,1
CA230354_23,CA230354,Tuza,Museo del Oro,1
CA230354_24,CA230354,Tuza,Museo del Oro,1
CA230354_25,CA230354,Tuza,Museo del Oro,1
CA230354_26,CA230354,Tuza,Museo del Oro,1
CA230354_27,CA230354,Tuza,Museo del Oro,1
CA230354_28,CA230354,Tuza,Museo del Oro,1
CA230354_29,CA230354,Tuza,Museo del Oro,1
CA230354_30,CA230354,Tuza,Museo del Oro,1
CA230354_31,CA230354,Tuza,Museo del Oro,1
CA230354_32,CA230354,Tuza,Museo del Oro,1
CA230354_33,CA230354,Tuza,Museo del Oro,1
CA230354_34,CA230354,Tuza,Museo del Oro,1
CA230354_35,CA230354,Tuza,Museo del Oro,1
CA230354_36,CA230354,Tuza,Museo del Oro,1
CA230361_1,CA230361,Piartal - 1,Catambuco - Site 8,1
CA230361_2,CA230361,Piartal - 1,Catambuco - Site 8,1
CA230361_3,CA230361,Piartal - 1,Catambuco - Site 8,1
CA230361_4,CA230361,Piartal - 1,Catambuco - Site 8,1
CA230361_5,CA230361,Piartal - 1,Catambuco - Site 8,1
CA230361_6,CA230361,Piartal - 1,Catambuco - Site 8,1
CA230361_7,CA230361,Piartal - 1,Catambuco - Site 8,1
CA230361_8,CA230361,Piartal - 1,Catambuco - Site 8,1
CA230361_9,CA230361,Piartal - 1,Catambuco - Site 8,1
CA230361_10,CA230361,Piartal - 1,Catambuco - Site 8,1
CA230361_11,CA230361,Piartal - 1,Catambuco - Site 8,1
CA230361_12,CA230361,Piartal - 1,Catambuco - Site 8,1
CA230361_13,CA230361,Piartal - 1,Catambuco - Site 8,1
CA230361_14,CA230361,Piartal - 1,Catambuco - Site 8,1
CA230361_15,CA230361,Piartal - 1,Catambuco - Site 8,1
CA230361_16,CA230361,Piartal - 1,Catambuco - Site 8,1
CA230361_17,CA230361,Piartal - 1,Catambuco - Site 8,1
CA230361_18,CA230361,Piartal - 1,Catambuco - Site 8,1
CA230361_19,CA230361,Piartal - 1,Catambuco - Site 8,1
CA230361_20,CA230361,Piartal - 1,Catambuco - Site 8,1
CA230361_21,CA230361,Piartal - 1,Catambuco - Site 8,1
CA230361_22,CA230361,Piartal - 1,Catambuco - Site 8,1
CA230361_23,CA230361,Piartal - 1,Catambuco - Site 8,1
CA230361_24,CA230361,Piartal - 1,Catambuco - Site 8,1
CA230361_25,CA230361,Piartal - 1,Catambuco - Site 8,1
CA230361_26,CA230361,Piartal - 1,Catambuco - Site 8,1
CA230361_27,CA230361,Piartal - 1,Catambuco - Site 8,1
CA230361_28,CA230361,Piartal - 1,Catambuco - Site 8,1
CA230361_29,CA230361,Piartal - 1,Catambuco - Site 8,1
CA230361_30,CA230361,Piartal - 1,Catambuco - Site 8,1
CA230361_31,CA230361,Piartal - 1,Catambuco - Site 8,1
CA230361_32,CA230361,Piartal - 1,Catambuco - Site 8,1
CA230361_33,CA230361,Piartal - 1,Catambuco - Site 8,1
CA230361_34,CA230361,Piartal - 1,Catambuco - Site 8,1
CA230361_35,CA230361,Piartal - 1,Catambuco - Site 8,1
CA230361_36,CA230361,Piartal - 1,Catambuco - Site 8,1
CA230365_1,CA230365,Capulí,El Porvenir - Site 137,1
CA230365_2,CA230365,Capulí,El Porvenir - Site 137,1
CA230365_3,CA230365,Capulí,El Porvenir - Site 137,0.995810139
CA230365_4,CA230365,Capulí,El Porvenir - Site 137,0.998720102
CA230365_5,CA230365,Capulí,El Porvenir - Site 137,0.999639726
CA230365_6,CA230365,Capulí,El Porvenir - Site 137,1
CA230365_7,CA230365,Capulí,El Porvenir - Site 137,1
CA230365_8,CA230365,Capulí,El Porvenir - Site 137,1
CA230365_9,CA230365,Capulí,El Porvenir - Site 137,1
CA230365_10,CA230365,Capulí,El Porvenir - Site 137,1
CA230365_11,CA230365,Capulí,El Porvenir - Site 137,1
CA230365_12,CA230365,Capulí,El Porvenir - Site 137,1
CA230365_13,CA230365,Capulí,El Porvenir - Site 137,0.99678609
CA230365_14,CA230365,Capulí,El Porvenir - Site 137,1
CA230365_15,CA230365,Capulí,El Porvenir - Site 137,1
CA230365_16,CA230365,Capulí,El Porvenir - Site 137,1
CA230365_17,CA230365,Capulí,El Porvenir - Site 137,1
CA230365_18,CA230365,Capulí,El Porvenir - Site 137,0.998824185
CA230365_19,CA230365,Capulí,El Porvenir - Site 137,0.998008663
CA230365_20,CA230365,Capulí,El Porvenir - Site 137,0.997463227
CA230365_21,CA230365,Capulí,El Porvenir - Site 137,0.998350675
CA230365_22,CA230365,Capulí,El Porvenir - Site 137,1
CA230365_23,CA230365,Capulí,El Porvenir - Site 137,1
CA230365_24,CA230365,Capulí,El Porvenir - Site 137,1
CA230365_25,CA230365,Capulí,El Porvenir - Site 137,0.998652478
CA230365_26,CA230365,Capulí,El Porvenir - Site 137,0.993463538
CA230365_27,CA230365,Capulí,El Porvenir - Site 137,0.989909123
CA230365_28,CA230365,Capulí,El Porvenir - Site 137,0.989427885
CA230365_29,CA230365,Capulí,El Porvenir - Site 137,0.991809573
CA230365_30,CA230365,Capulí,El Porvenir - Site 137,0.994670429
CA230365_31,CA230365,Capulí,El Porvenir - Site 137,1
CA230365_32,CA230365,Capulí,El Porvenir - Site 137,1
CA230365_33,CA230365,Capulí,El Porvenir - Site 137,1
CA230365_34,CA230365,Capulí,El Porvenir - Site 137,1
CA230365_35,CA230365,Capulí,El Porvenir - Site 137,1
CA230365_36,CA230365,Capulí,El Porvenir - Site 137,1
CA230366_1,CA230366,Capulí,El Porvenir - Site 137,1
CA230366_2,CA230366,Capulí,El Porvenir - Site 137,1
CA230366_3,CA230366,Capulí,El Porvenir - Site 137,1
CA230366_4,CA230366,Capulí,El Porvenir - Site 137,1
CA230366_5,CA230366,Capulí,El Porvenir - Site 137,1
CA230366_6,CA230366,Capulí,El Porvenir - Site 137,1
CA230366_7,CA230366,Capulí,El Porvenir - Site 137,1
CA230366_8,CA230366,Capulí,El Porvenir - Site 137,1
CA230366_9,CA230366,Capulí,El Porvenir - Site 137,1
CA230366_10,CA230366,Capulí,El Porvenir - Site 137,1
CA230366_11,CA230366,Capulí,El Porvenir - Site 137,1
CA230366_12,CA230366,Capulí,El Porvenir - Site 137,1
CA230366_13,CA230366,Capulí,El Porvenir - Site 137,1
CA230366_14,CA230366,Capulí,El Porvenir - Site 137,1
CA230366_15,CA230366,Capulí,El Porvenir - Site 137,1
CA230366_16,CA230366,Capulí,El Porvenir - Site 137,1
CA230366_17,CA230366,Capulí,El Porvenir - Site 137,0.999939458
CA230366_18,CA230366,Capulí,El Porvenir - Site 137,0.981964651
CA230366_19,CA230366,Capulí,El Porvenir - Site 137,0.979914002
CA230366_20,CA230366,Capulí,El Porvenir - Site 137,0.977588872
CA230366_21,CA230366,Capulí,El Porvenir - Site 137,0.983194105
CA230366_22,CA230366,Capulí,El Porvenir - Site 137,0.999689121
CA230366_23,CA230366,Capulí,El Porvenir - Site 137,1
CA230366_24,CA230366,Capulí,El Porvenir - Site 137,1
CA230366_25,CA230366,Capulí,El Porvenir - Site 137,1
CA230366_26,CA230366,Capulí,El Porvenir - Site 137,1
CA230366_27,CA230366,Capulí,El Porvenir - Site 137,1
CA230366_28,CA230366,Capulí,El Porvenir - Site 137,1
CA230366_29,CA230366,Capulí,El Porvenir - Site 137,1
CA230366_30,CA230366,Capulí,El Porvenir - Site 137,1
CA230366_31,CA230366,Capulí,El Porvenir - Site 137,1
CA230366_32,CA230366,Capulí,El Porvenir - Site 137,1
CA230366_33,CA230366,Capulí,El Porvenir - Site 137,1
CA230366_34,CA230366,Capulí,El Porvenir - Site 137,1
CA230366_35,CA230366,Capulí,El Porvenir - Site 137,1
CA230366_36,CA230366,Capulí,El Porvenir - Site 137,1
CA230375_1,CA230375,Capulí,El Porvenir - Site 137,0.999578251
CA230375_2,CA230375,Capulí,El Porvenir - Site 137,0.998956299
CA230375_3,CA230375,Capulí,El Porvenir - Site 137,0.999680425
CA230375_4,CA230375,Capulí,El Porvenir - Site 137,1
CA230375_5,CA230375,Capulí,El Porvenir - Site 137,1
CA230375_6,CA230375,Capulí,El Porvenir - Site 137,1
CA230375_7,CA230375,Capulí,El Porvenir - Site 137,1
CA230375_8,CA230375,Capulí,El Porvenir - Site 137,1
CA230375_9,CA230375,Capulí,El Porvenir - Site 137,1
CA230375_10,CA230375,Capulí,El Porvenir - Site 137,1
CA230375_11,CA230375,Capulí,El Porvenir - Site 137,1
CA230375_12,CA230375,Capulí,El Porvenir - Site 137,1
CA230375_13,CA230375,Capulí,El Porvenir - Site 137,1
CA230375_14,CA230375,Capulí,El Porvenir - Site 137,1
CA230375_15,CA230375,Capulí,El Porvenir - Site 137,1
CA230375_16,CA230375,Capulí,El Porvenir - Site 137,1
CA230375_17,CA230375,Capulí,El Porvenir - Site 137,1
CA230375_18,CA230375,Capulí,El Porvenir - Site 137,1
CA230375_19,CA230375,Capulí,El Porvenir - Site 137,1
CA230375_20,CA230375,Capulí,El Porvenir - Site 137,1
CA230375_21,CA230375,Capulí,El Porvenir - Site 137,1
CA230375_22,CA230375,Capulí,El Porvenir - Site 137,0.997583194
CA230375_23,CA230375,Capulí,El Porvenir - Site 137,0.999491913
CA230375_24,CA230375,Capulí,El Porvenir - Site 137,0.999627138
CA230375_25,CA230375,Capulí,El Porvenir - Site 137,0.999490515
CA230375_26,CA230375,Capulí,El Porvenir - Site 137,1
CA230375_27,CA230375,Capulí,El Porvenir - Site 137,0.999335514
CA230375_28,CA230375,Capulí,El Porvenir - Site 137,1
CA230375_29,CA230375,Capulí,El Porvenir - Site 137,1
CA230375_30,CA230375,Capulí,El Porvenir - Site 137,1
CA230375_31,CA230375,Capulí,El Porvenir - Site 137,1
CA230375_32,CA230375,Capulí,El Porvenir - Site 137,1
CA230375_33,CA230375,Capulí,El Porvenir - Site 137,1
CA230375_34,CA230375,Capulí,El Porvenir - Site 137,0.998738308
CA230375_35,CA230375,Capulí,El Porvenir - Site 137,1
CA230375_36,CA230375,Capulí,El Porvenir - Site 137,1
CA230377_1,CA230377,Capulí,El Porvenir - Site 137,1
CA230377_2,CA230377,Capulí,El Porvenir - Site 137,0.999622667
CA230377_3,CA230377,Capulí,El Porvenir - Site 137,1
CA230377_4,CA230377,Capulí,El Porvenir - Site 137,0.997042543
CA230377_5,CA230377,Capulí,El Porvenir - Site 137,0.995271469
CA230377_6,CA230377,Capulí,El Porvenir - Site 137,0.998243204
CA230377_7,CA230377,Capulí,El Porvenir - Site 137,0.999099799
CA230377_8,CA230377,Capulí,El Porvenir - Site 137,0.999753316
CA230377_9,CA230377,Capulí,El Porvenir - Site 137,1
CA230377_10,CA230377,Capulí,El Porvenir - Site 137,0.999422357
CA230377_11,CA230377,Capulí,El Porvenir - Site 137,1
CA230377_12,CA230377,Capulí,El Porvenir - Site 137,1
CA230377_13,CA230377,Capulí,El Porvenir - Site 137,1
CA230377_14,CA230377,Capulí,El Porvenir - Site 137,1
CA230377_15,CA230377,Capulí,El Porvenir - Site 137,1
CA230377_16,CA230377,Capulí,El Porvenir - Site 137,1
CA230377_17,CA230377,Capulí,El Porvenir - Site 137,1
CA230377_18,CA230377,Capulí,El Porvenir - Site 137,1
CA230377_19,CA230377,Capulí,El Porvenir - Site 137,1
CA230377_20,CA230377,Capulí,El Porvenir - Site 137,1
CA230377_21,CA230377,Capulí,El Porvenir - Site 137,1
CA230377_22,CA230377,Capulí,El Porvenir - Site 137,0.998466275
CA230377_23,CA230377,Capulí,El Porvenir - Site 137,1
CA230377_24,CA230377,Capulí,El Porvenir - Site 137,1
CA230377_25,CA230377,Capulí,El Porvenir - Site 137,1
CA230377_26,CA230377,Capulí,El Porvenir - Site 137,1
CA230377_27,CA230377,Capulí,El Porvenir - Site 137,1
CA230377_28,CA230377,Capulí,El Porvenir - Site 137,1
CA230377_29,CA230377,Capulí,El Porvenir - Site 137,1
CA230377_30,CA230377,Capulí,El Porvenir - Site 137,1
CA230377_31,CA230377,Capulí,El Porvenir - Site 137,1
CA230377_32,CA230377,Capulí,El Porvenir - Site 137,1
CA230377_33,CA230377,Capulí,El Porvenir - Site 137,1
CA230377_34,CA230377,Capulí,El Porvenir - Site 137,1
CA230377_35,CA230377,Capulí,El Porvenir - Site 137,0.999788558
CA230377_36,CA230377,Capulí,El Porvenir - Site 137,1
CA230378_1,CA230378,Capulí,El Porvenir - Site 137,1
CA230378_2,CA230378,Capulí,El Porvenir - Site 137,0.99838423
CA230378_3,CA230378,Capulí,El Porvenir - Site 137,1
CA230378_4,CA230378,Capulí,El Porvenir - Site 137,1
CA230378_5,CA230378,Capulí,El Porvenir - Site 137,0.999840927
CA230378_6,CA230378,Capulí,El Porvenir - Site 137,0.998753174
CA230378_7,CA230378,Capulí,El Porvenir - Site 137,1
CA230378_8,CA230378,Capulí,El Porvenir - Site 137,1
CA230378_9,CA230378,Capulí,El Porvenir - Site 137,0.997756993
CA230378_10,CA230378,Capulí,El Porvenir - Site 137,1
CA230378_11,CA230378,Capulí,El Porvenir - Site 137,1
CA230378_12,CA230378,Capulí,El Porvenir - Site 137,1
CA230378_13,CA230378,Capulí,El Porvenir - Site 137,1
CA230378_14,CA230378,Capulí,El Porvenir - Site 137,1
CA230378_15,CA230378,Capulí,El Porvenir - Site 137,1
CA230378_16,CA230378,Capulí,El Porvenir - Site 137,0.999842364
CA230378_17,CA230378,Capulí,El Porvenir - Site 137,0.996154018
CA230378_18,CA230378,Capulí,El Porvenir - Site 137,0.987338663
CA230378_19,CA230378,Capulí,El Porvenir - Site 137,0.989535483
CA230378_20,CA230378,Capulí,El Porvenir - Site 137,0.996958158
CA230378_21,CA230378,Capulí,El Porvenir - Site 137,1
CA230378_22,CA230378,Capulí,El Porvenir - Site 137,0.996253816
CA230378_23,CA230378,Capulí,El Porvenir - Site 137,0.999461371
CA230378_24,CA230378,Capulí,El Porvenir - Site 137,0.999288324
CA230378_25,CA230378,Capulí,El Porvenir - Site 137,0.997786919
CA230378_26,CA230378,Capulí,El Porvenir - Site 137,0.998012362
CA230378_27,CA230378,Capulí,El Porvenir - Site 137,1
CA230378_28,CA230378,Capulí,El Porvenir - Site 137,0.998997849
CA230378_29,CA230378,Capulí,El Porvenir - Site 137,1
CA230378_30,CA230378,Capulí,El Porvenir - Site 137,1
CA230378_31,CA230378,Capulí,El Porvenir - Site 137,0.998245229
CA230378_32,CA230378,Capulí,El Porvenir - Site 137,0.997530326
CA230378_33,CA230378,Capulí,El Porvenir - Site 137,0.996033463
CA230378_34,CA230378,Capulí,El Porvenir - Site 137,0.995663302
CA230378_35,CA230378,Capulí,El Porvenir - Site 137,0.99456509
CA230378_36,CA230378,Capulí,El Porvenir - Site 137,0.997953821
CA230381_1,CA230381,Capulí,El Porvenir - Site 137,0.995665635
CA230381_2,CA230381,Capulí,El Porvenir - Site 137,0.996463351
CA230381_3,CA230381,Capulí,El Porvenir - Site 137,0.998057277
CA230381_4,CA230381,Capulí,El Porvenir - Site 137,1
CA230381_5,CA230381,Capulí,El Porvenir - Site 137,1
CA230381_6,CA230381,Capulí,El Porvenir - Site 137,1
CA230381_7,CA230381,Capulí,El Porvenir - Site 137,1
CA230381_8,CA230381,Capulí,El Porvenir - Site 137,1
CA230381_9,CA230381,Capulí,El Porvenir - Site 137,1
CA230381_10,CA230381,Capulí,El Porvenir - Site 137,1
CA230381_11,CA230381,Capulí,El Porvenir - Site 137,1
CA230381_12,CA230381,Capulí,El Porvenir - Site 137,1
CA230381_13,CA230381,Capulí,El Porvenir - Site 137,1
CA230381_14,CA230381,Capulí,El Porvenir - Site 137,1
CA230381_15,CA230381,Capulí,El Porvenir - Site 137,1
CA230381_16,CA230381,Capulí,El Porvenir - Site 137,0.999918471
CA230381_17,CA230381,Capulí,El Porvenir - Site 137,0.997499959
CA230381_18,CA230381,Capulí,El Porvenir - Site 137,0.995226925
CA230381_19,CA230381,Capulí,El Porvenir - Site 137,1
CA230381_20,CA230381,Capulí,El Porvenir - Site 137,0.999448195
CA230381_21,CA230381,Capulí,El Porvenir - Site 137,1
CA230381_22,CA230381,Capulí,El Porvenir - Site 137,0.999450913
CA230381_23,CA230381,Capulí,El Porvenir - Site 137,0.999806732
CA230381_24,CA230381,Capulí,El Porvenir - Site 137,1
CA230381_25,CA230381,Capulí,El Porvenir - Site 137,1
CA230381_26,CA230381,Capulí,El Porvenir - Site 137,1
CA230381_27,CA230381,Capulí,El Porvenir - Site 137,0.99965908
CA230381_28,CA230381,Capulí,El Porvenir - Site 137,0.999347727
CA230381_29,CA230381,Capulí,El Porvenir - Site 137,0.998870168
CA230381_30,CA230381,Capulí,El Porvenir - Site 137,0.998255862
CA230381_31,CA230381,Capulí,El Porvenir - Site 137,1
CA230381_32,CA230381,Capulí,El Porvenir - Site 137,1
CA230381_33,CA230381,Capulí,El Porvenir - Site 137,1
CA230381_34,CA230381,Capulí,El Porvenir - Site 137,1
CA230381_35,CA230381,Capulí,El Porvenir - Site 137,1
CA230381_36,CA230381,Capulí,El Porvenir - Site 137,0.999582198
CA230386_1,CA230386,Capulí,El Porvenir - Site 137,1
CA230386_2,CA230386,Capulí,El Porvenir - Site 137,1
CA230386_3,CA230386,Capulí,El Porvenir - Site 137,1
CA230386_4,CA230386,Capulí,El Porvenir - Site 137,1
CA230386_5,CA230386,Capulí,El Porvenir - Site 137,1
CA230386_6,CA230386,Capulí,El Porvenir - Site 137,1
CA230386_7,CA230386,Capulí,El Porvenir - Site 137,1
CA230386_8,CA230386,Capulí,El Porvenir - Site 137,1
CA230386_9,CA230386,Capulí,El Porvenir - Site 137,1
CA230386_10,CA230386,Capulí,El Porvenir - Site 137,1
CA230386_11,CA230386,Capulí,El Porvenir - Site 137,1
CA230386_12,CA230386,Capulí,El Porvenir - Site 137,1
CA230386_13,CA230386,Capulí,El Porvenir - Site 137,1
CA230386_14,CA230386,Capulí,El Porvenir - Site 137,1
CA230386_15,CA230386,Capulí,El Porvenir - Site 137,1
CA230386_16,CA230386,Capulí,El Porvenir - Site 137,1
CA230386_17,CA230386,Capulí,El Porvenir - Site 137,1
CA230386_18,CA230386,Capulí,El Porvenir - Site 137,1
CA230386_19,CA230386,Capulí,El Porvenir - Site 137,1
CA230386_20,CA230386,Capulí,El Porvenir - Site 137,1
CA230386_21,CA230386,Capulí,El Porvenir - Site 137,1
CA230386_22,CA230386,Capulí,El Porvenir - Site 137,1
CA230386_23,CA230386,Capulí,El Porvenir - Site 137,1
CA230386_24,CA230386,Capulí,El Porvenir - Site 137,1
CA230386_25,CA230386,Capulí,El Porvenir - Site 137,1
CA230386_26,CA230386,Capulí,El Porvenir - Site 137,1
CA230386_27,CA230386,Capulí,El Porvenir - Site 137,0.999538993
CA230386_28,CA230386,Capulí,El Porvenir - Site 137,0.996701746
CA230386_29,CA230386,Capulí,El Porvenir - Site 137,0.989380395
CA230386_30,CA230386,Capulí,El Porvenir - Site 137,0.974321542
CA230386_31,CA230386,Capulí,El Porvenir - Site 137,0.966251062
CA230386_32,CA230386,Capulí,El Porvenir - Site 137,0.97877355
CA230386_33,CA230386,Capulí,El Porvenir - Site 137,0.988182247
CA230386_34,CA230386,Capulí,El Porvenir - Site 137,0.991684022
CA230386_35,CA230386,Capulí,El Porvenir - Site 137,1
CA230386_36,CA230386,Capulí,El Porvenir - Site 137,1
CA230387_1,CA230387,Capulí,El Porvenir - Site 137,1
CA230387_2,CA230387,Capulí,El Porvenir - Site 137,1
CA230387_3,CA230387,Capulí,El Porvenir - Site 137,1
CA230387_4,CA230387,Capulí,El Porvenir - Site 137,1
CA230387_5,CA230387,Capulí,El Porvenir - Site 137,1
CA230387_6,CA230387,Capulí,El Porvenir - Site 137,0.990606918
CA230387_7,CA230387,Capulí,El Porvenir - Site 137,0.988031476
CA230387_8,CA230387,Capulí,El Porvenir - Site 137,0.98969318
CA230387_9,CA230387,Capulí,El Porvenir - Site 137,0.991833152
CA230387_10,CA230387,Capulí,El Porvenir - Site 137,1
CA230387_11,CA230387,Capulí,El Porvenir - Site 137,1
CA230387_12,CA230387,Capulí,El Porvenir - Site 137,1
CA230387_13,CA230387,Capulí,El Porvenir - Site 137,1
CA230387_14,CA230387,Capulí,El Porvenir - Site 137,1
CA230387_15,CA230387,Capulí,El Porvenir - Site 137,1
CA230387_16,CA230387,Capulí,El Porvenir - Site 137,1
CA230387_17,CA230387,Capulí,El Porvenir - Site 137,0.999285123
CA230387_18,CA230387,Capulí,El Porvenir - Site 137,1
CA230387_19,CA230387,Capulí,El Porvenir - Site 137,1
CA230387_20,CA230387,Capulí,El Porvenir - Site 137,1
CA230387_21,CA230387,Capulí,El Porvenir - Site 137,1
CA230387_22,CA230387,Capulí,El Porvenir - Site 137,1
CA230387_23,CA230387,Capulí,El Porvenir - Site 137,1
CA230387_24,CA230387,Capulí,El Porvenir - Site 137,1
CA230387_25,CA230387,Capulí,El Porvenir - Site 137,1
CA230387_26,CA230387,Capulí,El Porvenir - Site 137,1
CA230387_27,CA230387,Capulí,El Porvenir - Site 137,1
CA230387_28,CA230387,Capulí,El Porvenir - Site 137,1
CA230387_29,CA230387,Capulí,El Porvenir - Site 137,1
CA230387_30,CA230387,Capulí,El Porvenir - Site 137,1
CA230387_31,CA230387,Capulí,El Porvenir - Site 137,0.996135535
CA230387_32,CA230387,Capulí,El Porvenir - Site 137,0.990352728
CA230387_33,CA230387,Capulí,El Porvenir - Site 137,0.994304016
CA230387_34,CA230387,Capulí,El Porvenir - Site 137,1
CA230387_35,CA230387,Capulí,El Porvenir - Site 137,1
CA230387_36,CA230387,Capulí,El Porvenir - Site 137,1
CA230401_1,CA230401,Tuza,Bomboná,1
CA230401_2,CA230401,Tuza,Bomboná,1
CA230401_3,CA230401,Tuza,Bomboná,1
CA230401_4,CA230401,Tuza,Bomboná,1
CA230401_5,CA230401,Tuza,Bomboná,1
CA230401_6,CA230401,Tuza,Bomboná,1
CA230401_7,CA230401,Tuza,Bomboná,1
CA230401_8,CA230401,Tuza,Bomboná,1
CA230401_9,CA230401,Tuza,Bomboná,1
CA230401_10,CA230401,Tuza,Bomboná,1
CA230401_11,CA230401,Tuza,Bomboná,1
CA230401_12,CA230401,Tuza,Bomboná,1
CA230401_13,CA230401,Tuza,Bomboná,1
CA230401_14,CA230401,Tuza,Bomboná,1
CA230401_15,CA230401,Tuza,Bomboná,1
CA230401_16,CA230401,Tuza,Bomboná,1
CA230401_17,CA230401,Tuza,Bomboná,1
CA230401_18,CA230401,Tuza,Bomboná,1
CA230401_19,CA230401,Tuza,Bomboná,1
CA230401_20,CA230401,Tuza,Bomboná,1
CA230401_21,CA230401,Tuza,Bomboná,1
CA230401_22,CA230401,Tuza,Bomboná,1
CA230401_23,CA230401,Tuza,Bomboná,1
CA230401_24,CA230401,Tuza,Bomboná,1
CA230401_25,CA230401,Tuza,Bomboná,1
CA230401_26,CA230401,Tuza,Bomboná,1
CA230401_27,CA230401,Tuza,Bomboná,1
CA230401_28,CA230401,Tuza,Bomboná,1
CA230401_29,CA230401,Tuza,Bomboná,1
CA230401_30,CA230401,Tuza,Bomboná,1
CA230401_31,CA230401,Tuza,Bomboná,1
CA230401_32,CA230401,Tuza,Bomboná,1
CA230401_33,CA230401,Tuza,Bomboná,1
CA230401_34,CA230401,Tuza,Bomboná,1
CA230401_35,CA230401,Tuza,Bomboná,1
CA230401_36,CA230401,Tuza,Bomboná,1
CA230404_1,CA230404,Piartal - 2,Bomboná,1
CA230404_2,CA230404,Piartal - 2,Bomboná,0.999705281
CA230404_3,CA230404,Piartal - 2,Bomboná,1
CA230404_4,CA230404,Piartal - 2,Bomboná,0.999629181
CA230404_5,CA230404,Piartal - 2,Bomboná,0.999108251
CA230404_6,CA230404,Piartal - 2,Bomboná,1
CA230404_7,CA230404,Piartal - 2,Bomboná,0.999632495
CA230404_8,CA230404,Piartal - 2,Bomboná,1
CA230404_9,CA230404,Piartal - 2,Bomboná,0.999671612
CA230404_10,CA230404,Piartal - 2,Bomboná,0.999787935
CA230404_11,CA230404,Piartal - 2,Bomboná,0.999690887
CA230404_12,CA230404,Piartal - 2,Bomboná,0.999536402
CA230404_13,CA230404,Piartal - 2,Bomboná,0.999556122
CA230404_14,CA230404,Piartal - 2,Bomboná,0.999613631
CA230404_15,CA230404,Piartal - 2,Bomboná,1
CA230404_16,CA230404,Piartal - 2,Bomboná,1
CA230404_17,CA230404,Piartal - 2,Bomboná,1
CA230404_18,CA230404,Piartal - 2,Bomboná,1
CA230404_19,CA230404,Piartal - 2,Bomboná,1
CA230404_20,CA230404,Piartal - 2,Bomboná,1
CA230404_21,CA230404,Piartal - 2,Bomboná,1
CA230404_22,CA230404,Piartal - 2,Bomboná,1
CA230404_23,CA230404,Piartal - 2,Bomboná,0.998866758
CA230404_24,CA230404,Piartal - 2,Bomboná,1
CA230404_25,CA230404,Piartal - 2,Bomboná,1
CA230404_26,CA230404,Piartal - 2,Bomboná,1
CA230404_27,CA230404,Piartal - 2,Bomboná,1
CA230404_28,CA230404,Piartal - 2,Bomboná,1
CA230404_29,CA230404,Piartal - 2,Bomboná,1
CA230404_30,CA230404,Piartal - 2,Bomboná,1
CA230404_31,CA230404,Piartal - 2,Bomboná,1
CA230404_32,CA230404,Piartal - 2,Bomboná,1
CA230404_33,CA230404,Piartal - 2,Bomboná,1
CA230404_34,CA230404,Piartal - 2,Bomboná,1
CA230404_35,CA230404,Piartal - 2,Bomboná,1
CA230404_36,CA230404,Piartal - 2,Bomboná,1
CA230411_1,CA230411,Tuza,Bomboná,1
CA230411_2,CA230411,Tuza,Bomboná,1
CA230411_3,CA230411,Tuza,Bomboná,1
CA230411_4,CA230411,Tuza,Bomboná,1
CA230411_5,CA230411,Tuza,Bomboná,1
CA230411_6,CA230411,Tuza,Bomboná,1
CA230411_7,CA230411,Tuza,Bomboná,1
CA230411_8,CA230411,Tuza,Bomboná,1
CA230411_9,CA230411,Tuza,Bomboná,1
CA230411_10,CA230411,Tuza,Bomboná,0.99875271
CA230411_11,CA230411,Tuza,Bomboná,0.998388675
CA230411_12,CA230411,Tuza,Bomboná,0.999154204
CA230411_13,CA230411,Tuza,Bomboná,0.999769382
CA230411_14,CA230411,Tuza,Bomboná,1
CA230411_15,CA230411,Tuza,Bomboná,0.998041888
CA230411_16,CA230411,Tuza,Bomboná,0.996507388
CA230411_17,CA230411,Tuza,Bomboná,1
CA230411_18,CA230411,Tuza,Bomboná,1
CA230411_19,CA230411,Tuza,Bomboná,1
CA230411_20,CA230411,Tuza,Bomboná,1
CA230411_21,CA230411,Tuza,Bomboná,0.998580288
CA230411_22,CA230411,Tuza,Bomboná,0.994528659
CA230411_23,CA230411,Tuza,Bomboná,0.99607636
CA230411_24,CA230411,Tuza,Bomboná,0.998566011
CA230411_25,CA230411,Tuza,Bomboná,0.999315199
CA230411_26,CA230411,Tuza,Bomboná,1
CA230411_27,CA230411,Tuza,Bomboná,1
CA230411_28,CA230411,Tuza,Bomboná,1
CA230411_29,CA230411,Tuza,Bomboná,1
CA230411_30,CA230411,Tuza,Bomboná,1
CA230411_31,CA230411,Tuza,Bomboná,1
CA230411_32,CA230411,Tuza,Bomboná,1
CA230411_33,CA230411,Tuza,Bomboná,1
CA230411_34,CA230411,Tuza,Bomboná,1
CA230411_35,CA230411,Tuza,Bomboná,1
CA230411_36,CA230411,Tuza,Bomboná,1
CA230416_1,CA230416,Piartal - 1,Obonuco,1
CA230416_2,CA230416,Piartal - 1,Obonuco,1
CA230416_3,CA230416,Piartal - 1,Obonuco,1
CA230416_4,CA230416,Piartal - 1,Obonuco,1
CA230416_5,CA230416,Piartal - 1,Obonuco,1
CA230416_6,CA230416,Piartal - 1,Obonuco,1
CA230416_7,CA230416,Piartal - 1,Obonuco,1
CA230416_8,CA230416,Piartal - 1,Obonuco,1
CA230416_9,CA230416,Piartal - 1,Obonuco,1
CA230416_10,CA230416,Piartal - 1,Obonuco,1
CA230416_11,CA230416,Piartal - 1,Obonuco,1
CA230416_12,CA230416,Piartal - 1,Obonuco,1
CA230416_13,CA230416,Piartal - 1,Obonuco,1
CA230416_14,CA230416,Piartal - 1,Obonuco,1
CA230416_15,CA230416,Piartal - 1,Obonuco,1
CA230416_16,CA230416,Piartal - 1,Obonuco,1
CA230416_17,CA230416,Piartal - 1,Obonuco,1
CA230416_18,CA230416,Piartal - 1,Obonuco,1
CA230416_19,CA230416,Piartal - 1,Obonuco,1
CA230416_20,CA230416,Piartal - 1,Obonuco,1
CA230416_21,CA230416,Piartal - 1,Obonuco,1
CA230416_22,CA230416,Piartal - 1,Obonuco,1
CA230416_23,CA230416,Piartal - 1,Obonuco,1
CA230416_24,CA230416,Piartal - 1,Obonuco,1
CA230416_25,CA230416,Piartal - 1,Obonuco,1
CA230416_26,CA230416,Piartal - 1,Obonuco,1
CA230416_27,CA230416,Piartal - 1,Obonuco,1
CA230416_28,CA230416,Piartal - 1,Obonuco,1
CA230416_29,CA230416,Piartal - 1,Obonuco,1
CA230416_30,CA230416,Piartal - 1,Obonuco,1
CA230416_31,CA230416,Piartal - 1,Obonuco,0.997814006
CA230416_32,CA230416,Piartal - 1,Obonuco,0.998752437
CA230416_33,CA230416,Piartal - 1,Obonuco,0.997945557
CA230416_34,CA230416,Piartal - 1,Obonuco,0.996199549
CA230416_35,CA230416,Piartal - 1,Obonuco,0.998471063
CA230416_36,CA230416,Piartal - 1,Obonuco,1
CA230417_1,CA230417,Piartal - 1,Obonuco,1
CA230417_2,CA230417,Piartal - 1,Obonuco,1
CA230417_3,CA230417,Piartal - 1,Obonuco,1
CA230417_4,CA230417,Piartal - 1,Obonuco,1
CA230417_5,CA230417,Piartal - 1,Obonuco,1
CA230417_6,CA230417,Piartal - 1,Obonuco,1
CA230417_7,CA230417,Piartal - 1,Obonuco,1
CA230417_8,CA230417,Piartal - 1,Obonuco,1
CA230417_9,CA230417,Piartal - 1,Obonuco,1
CA230417_10,CA230417,Piartal - 1,Obonuco,1
CA230417_11,CA230417,Piartal - 1,Obonuco,1
CA230417_12,CA230417,Piartal - 1,Obonuco,1
CA230417_13,CA230417,Piartal - 1,Obonuco,1
CA230417_14,CA230417,Piartal - 1,Obonuco,1
CA230417_15,CA230417,Piartal - 1,Obonuco,1
CA230417_16,CA230417,Piartal - 1,Obonuco,1
CA230417_17,CA230417,Piartal - 1,Obonuco,1
CA230417_18,CA230417,Piartal - 1,Obonuco,1
CA230417_19,CA230417,Piartal - 1,Obonuco,1
CA230417_20,CA230417,Piartal - 1,Obonuco,1
CA230417_21,CA230417,Piartal - 1,Obonuco,1
CA230417_22,CA230417,Piartal - 1,Obonuco,1
CA230417_23,CA230417,Piartal - 1,Obonuco,1
CA230417_24,CA230417,Piartal - 1,Obonuco,1
CA230417_25,CA230417,Piartal - 1,Obonuco,1
CA230417_26,CA230417,Piartal - 1,Obonuco,1
CA230417_27,CA230417,Piartal - 1,Obonuco,1
CA230417_28,CA230417,Piartal - 1,Obonuco,1
CA230417_29,CA230417,Piartal - 1,Obonuco,1
CA230417_30,CA230417,Piartal - 1,Obonuco,1
CA230417_31,CA230417,Piartal - 1,Obonuco,1
CA230417_32,CA230417,Piartal - 1,Obonuco,1
CA230417_33,CA230417,Piartal - 1,Obonuco,1
CA230417_34,CA230417,Piartal - 1,Obonuco,1
CA230417_35,CA230417,Piartal - 1,Obonuco,1
CA230417_36,CA230417,Piartal - 1,Obonuco,1
CA230422_1,CA230422,Piartal - 1,Obonuco,1
CA230422_2,CA230422,Piartal - 1,Obonuco,1
CA230422_3,CA230422,Piartal - 1,Obonuco,1
CA230422_4,CA230422,Piartal - 1,Obonuco,1
CA230422_5,CA230422,Piartal - 1,Obonuco,1
CA230422_6,CA230422,Piartal - 1,Obonuco,1
CA230422_7,CA230422,Piartal - 1,Obonuco,1
CA230422_8,CA230422,Piartal - 1,Obonuco,1
CA230422_9,CA230422,Piartal - 1,Obonuco,1
CA230422_10,CA230422,Piartal - 1,Obonuco,1
CA230422_11,CA230422,Piartal - 1,Obonuco,1
CA230422_12,CA230422,Piartal - 1,Obonuco,1
CA230422_13,CA230422,Piartal - 1,Obonuco,1
CA230422_14,CA230422,Piartal - 1,Obonuco,1
CA230422_15,CA230422,Piartal - 1,Obonuco,1
CA230422_16,CA230422,Piartal - 1,Obonuco,1
CA230422_17,CA230422,Piartal - 1,Obonuco,1
CA230422_18,CA230422,Piartal - 1,Obonuco,1
CA230422_19,CA230422,Piartal - 1,Obonuco,1
CA230422_20,CA230422,Piartal - 1,Obonuco,1
CA230422_21,CA230422,Piartal - 1,Obonuco,1
CA230422_22,CA230422,Piartal - 1,Obonuco,1
CA230422_23,CA230422,Piartal - 1,Obonuco,1
CA230422_24,CA230422,Piartal - 1,Obonuco,1
CA230422_25,CA230422,Piartal - 1,Obonuco,1
CA230422_26,CA230422,Piartal - 1,Obonuco,1
CA230422_27,CA230422,Piartal - 1,Obonuco,1
CA230422_28,CA230422,Piartal - 1,Obonuco,1
CA230422_29,CA230422,Piartal - 1,Obonuco,1
CA230422_30,CA230422,Piartal - 1,Obonuco,1
CA230422_31,CA230422,Piartal - 1,Obonuco,1
CA230422_32,CA230422,Piartal - 1,Obonuco,1
CA230422_33,CA230422,Piartal - 1,Obonuco,1
CA230422_34,CA230422,Piartal - 1,Obonuco,1
CA230422_35,CA230422,Piartal - 1,Obonuco,1
CA230422_36,CA230422,Piartal - 1,Obonuco,1
CA230423_1,CA230423,Piartal - 1,Obonuco,1
CA230423_2,CA230423,Piartal - 1,Obonuco,1
CA230423_3,CA230423,Piartal - 1,Obonuco,1
CA230423_4,CA230423,Piartal - 1,Obonuco,1
CA230423_5,CA230423,Piartal - 1,Obonuco,1
CA230423_6,CA230423,Piartal - 1,Obonuco,1
CA230423_7,CA230423,Piartal - 1,Obonuco,1
CA230423_8,CA230423,Piartal - 1,Obonuco,1
CA230423_9,CA230423,Piartal - 1,Obonuco,1
CA230423_10,CA230423,Piartal - 1,Obonuco,1
CA230423_11,CA230423,Piartal - 1,Obonuco,1
CA230423_12,CA230423,Piartal - 1,Obonuco,1
CA230423_13,CA230423,Piartal - 1,Obonuco,1
CA230423_14,CA230423,Piartal - 1,Obonuco,1
CA230423_15,CA230423,Piartal - 1,Obonuco,1
CA230423_16,CA230423,Piartal - 1,Obonuco,1
CA230423_17,CA230423,Piartal - 1,Obonuco,1
CA230423_18,CA230423,Piartal - 1,Obonuco,1
CA230423_19,CA230423,Piartal - 1,Obonuco,1
CA230423_20,CA230423,Piartal - 1,Obonuco,1
CA230423_21,CA230423,Piartal - 1,Obonuco,1
CA230423_22,CA230423,Piartal - 1,Obonuco,1
CA230423_23,CA230423,Piartal - 1,Obonuco,1
CA230423_24,CA230423,Piartal - 1,Obonuco,1
CA230423_25,CA230423,Piartal - 1,Obonuco,1
CA230423_26,CA230423,Piartal - 1,Obonuco,1
CA230423_27,CA230423,Piartal - 1,Obonuco,1
CA230423_28,CA230423,Piartal - 1,Obonuco,1
CA230423_29,CA230423,Piartal - 1,Obonuco,1
CA230423_30,CA230423,Piartal - 1,Obonuco,1
CA230423_31,CA230423,Piartal - 1,Obonuco,1
CA230423_32,CA230423,Piartal - 1,Obonuco,1
CA230423_33,CA230423,Piartal - 1,Obonuco,1
CA230423_34,CA230423,Piartal - 1,Obonuco,1
CA230423_35,CA230423,Piartal - 1,Obonuco,1
CA230423_36,CA230423,Piartal - 1,Obonuco,1
CA230424_1,CA230424,Piartal - 1,Obonuco,1
CA230424_2,CA230424,Piartal - 1,Obonuco,1
CA230424_3,CA230424,Piartal - 1,Obonuco,1
CA230424_4,CA230424,Piartal - 1,Obonuco,1
CA230424_5,CA230424,Piartal - 1,Obonuco,1
CA230424_6,CA230424,Piartal - 1,Obonuco,1
CA230424_7,CA230424,Piartal - 1,Obonuco,1
CA230424_8,CA230424,Piartal - 1,Obonuco,1
CA230424_9,CA230424,Piartal - 1,Obonuco,1
CA230424_10,CA230424,Piartal - 1,Obonuco,1
CA230424_11,CA230424,Piartal - 1,Obonuco,1
CA230424_12,CA230424,Piartal - 1,Obonuco,1
CA230424_13,CA230424,Piartal - 1,Obonuco,1
CA230424_14,CA230424,Piartal - 1,Obonuco,1
CA230424_15,CA230424,Piartal - 1,Obonuco,1
CA230424_16,CA230424,Piartal - 1,Obonuco,1
CA230424_17,CA230424,Piartal - 1,Obonuco,1
CA230424_18,CA230424,Piartal - 1,Obonuco,1
CA230424_19,CA230424,Piartal - 1,Obonuco,1
CA230424_20,CA230424,Piartal - 1,Obonuco,1
CA230424_21,CA230424,Piartal - 1,Obonuco,1
CA230424_22,CA230424,Piartal - 1,Obonuco,1
CA230424_23,CA230424,Piartal - 1,Obonuco,1
CA230424_24,CA230424,Piartal - 1,Obonuco,1
CA230424_25,CA230424,Piartal - 1,Obonuco,1
CA230424_26,CA230424,Piartal - 1,Obonuco,1
CA230424_27,CA230424,Piartal - 1,Obonuco,1
CA230424_28,CA230424,Piartal - 1,Obonuco,1
CA230424_29,CA230424,Piartal - 1,Obonuco,1
CA230424_30,CA230424,Piartal - 1,Obonuco,1
CA230424_31,CA230424,Piartal - 1,Obonuco,1
CA230424_32,CA230424,Piartal - 1,Obonuco,1
CA230424_33,CA230424,Piartal - 1,Obonuco,1
CA230424_34,CA230424,Piartal - 1,Obonuco,1
CA230424_35,CA230424,Piartal - 1,Obonuco,1
CA230424_36,CA230424,Piartal - 1,Obonuco,1
CA230428_1,CA230428,Tuza,Catambuco - San Damián,0.997073841
CA230428_2,CA230428,Tuza,Catambuco - San Damián,0.996341607
CA230428_3,CA230428,Tuza,Catambuco - San Damián,0.996125937
CA230428_4,CA230428,Tuza,Catambuco - San Damián,0.997993824
CA230428_5,CA230428,Tuza,Catambuco - San Damián,1
CA230428_6,CA230428,Tuza,Catambuco - San Damián,1
CA230428_7,CA230428,Tuza,Catambuco - San Damián,1
CA230428_8,CA230428,Tuza,Catambuco - San Damián,1
CA230428_9,CA230428,Tuza,Catambuco - San Damián,1
CA230428_10,CA230428,Tuza,Catambuco - San Damián,1
CA230428_11,CA230428,Tuza,Catambuco - San Damián,1
CA230428_12,CA230428,Tuza,Catambuco - San Damián,1
CA230428_13,CA230428,Tuza,Catambuco - San Damián,1
CA230428_14,CA230428,Tuza,Catambuco - San Damián,1
CA230428_15,CA230428,Tuza,Catambuco - San Damián,1
CA230428_16,CA230428,Tuza,Catambuco - San Damián,1
CA230428_17,CA230428,Tuza,Catambuco - San Damián,1
CA230428_18,CA230428,Tuza,Catambuco - San Damián,1
CA230428_19,CA230428,Tuza,Catambuco - San Damián,1
CA230428_20,CA230428,Tuza,Catambuco - San Damián,1
CA230428_21,CA230428,Tuza,Catambuco - San Damián,1
CA230428_22,CA230428,Tuza,Catambuco - San Damián,1
CA230428_23,CA230428,Tuza,Catambuco - San Damián,1
CA230428_24,CA230428,Tuza,Catambuco - San Damián,1
CA230428_25,CA230428,Tuza,Catambuco - San Damián,1
CA230428_26,CA230428,Tuza,Catambuco - San Damián,1
CA230428_27,CA230428,Tuza,Catambuco - San Damián,1
CA230428_28,CA230428,Tuza,Catambuco - San Damián,0.99830491
CA230428_29,CA230428,Tuza,Catambuco - San Damián,0.997940904
CA230428_30,CA230428,Tuza,Catambuco - San Damián,0.997132793
CA230428_31,CA230428,Tuza,Catambuco - San Damián,0.996214357
CA230428_32,CA230428,Tuza,Catambuco - San Damián,0.998280083
CA230428_33,CA230428,Tuza,Catambuco - San Damián,0.998630027
CA230428_34,CA230428,Tuza,Catambuco - San Damián,0.997514831
CA230428_35,CA230428,Tuza,Catambuco - San Damián,0.997929029
CA230428_36,CA230428,Tuza,Catambuco - San Damián,0.99930841
CA230429_1,CA230429,Tuza,Catambuco - San Damián,1
CA230429_2,CA230429,Tuza,Catambuco - San Damián,1
CA230429_3,CA230429,Tuza,Catambuco - San Damián,1
CA230429_4,CA230429,Tuza,Catambuco - San Damián,1
CA230429_5,CA230429,Tuza,Catambuco - San Damián,1
CA230429_6,CA230429,Tuza,Catambuco - San Damián,1
CA230429_7,CA230429,Tuza,Catambuco - San Damián,1
CA230429_8,CA230429,Tuza,Catambuco - San Damián,1
CA230429_9,CA230429,Tuza,Catambuco - San Damián,1
CA230429_10,CA230429,Tuza,Catambuco - San Damián,1
CA230429_11,CA230429,Tuza,Catambuco - San Damián,1
CA230429_12,CA230429,Tuza,Catambuco - San Damián,1
CA230429_13,CA230429,Tuza,Catambuco - San Damián,1
CA230429_14,CA230429,Tuza,Catambuco - San Damián,0.99588549
CA230429_15,CA230429,Tuza,Catambuco - San Damián,0.995604056
CA230429_16,CA230429,Tuza,Catambuco - San Damián,0.996045587
CA230429_17,CA230429,Tuza,Catambuco - San Damián,1
CA230429_18,CA230429,Tuza,Catambuco - San Damián,1
CA230429_19,CA230429,Tuza,Catambuco - San Damián,1
CA230429_20,CA230429,Tuza,Catambuco - San Damián,1
CA230429_21,CA230429,Tuza,Catambuco - San Damián,1
CA230429_22,CA230429,Tuza,Catambuco - San Damián,1
CA230429_23,CA230429,Tuza,Catambuco - San Damián,1
CA230429_24,CA230429,Tuza,Catambuco - San Damián,1
CA230429_25,CA230429,Tuza,Catambuco - San Damián,1
CA230429_26,CA230429,Tuza,Catambuco - San Damián,1
CA230429_27,CA230429,Tuza,Catambuco - San Damián,1
CA230429_28,CA230429,Tuza,Catambuco - San Damián,1
CA230429_29,CA230429,Tuza,Catambuco - San Damián,0.998143687
CA230429_30,CA230429,Tuza,Catambuco - San Damián,0.99781344
CA230429_31,CA230429,Tuza,Catambuco - San Damián,0.997104547
CA230429_32,CA230429,Tuza,Catambuco - San Damián,0.996211243
CA230429_33,CA230429,Tuza,Catambuco - San Damián,0.995935899
CA230429_34,CA230429,Tuza,Catambuco - San Damián,0.996226124
CA230429_35,CA230429,Tuza,Catambuco - San Damián,0.997211431
CA230429_36,CA230429,Tuza,Catambuco - San Damián,0.997925191
CA230430_1,CA230430,Tuza - Red slip,Catambuco - San Damián,1
CA230430_2,CA230430,Tuza - Red slip,Catambuco - San Damián,1
CA230430_3,CA230430,Tuza - Red slip,Catambuco - San Damián,1
CA230430_4,CA230430,Tuza - Red slip,Catambuco - San Damián,1
CA230430_5,CA230430,Tuza - Red slip,Catambuco - San Damián,0.996021454
CA230430_6,CA230430,Tuza - Red slip,Catambuco - San Damián,0.996943441
CA230430_7,CA230430,Tuza - Red slip,Catambuco - San Damián,1
CA230430_8,CA230430,Tuza - Red slip,Catambuco - San Damián,1
CA230430_9,CA230430,Tuza - Red slip,Catambuco - San Damián,1
CA230430_10,CA230430,Tuza - Red slip,Catambuco - San Damián,1
CA230430_11,CA230430,Tuza - Red slip,Catambuco - San Damián,1
CA230430_12,CA230430,Tuza - Red slip,Catambuco - San Damián,1
CA230430_13,CA230430,Tuza - Red slip,Catambuco - San Damián,1
CA230430_14,CA230430,Tuza - Red slip,Catambuco - San Damián,1
CA230430_15,CA230430,Tuza - Red slip,Catambuco - San Damián,1
CA230430_16,CA230430,Tuza - Red slip,Catambuco - San Damián,1
CA230430_17,CA230430,Tuza - Red slip,Catambuco - San Damián,1
CA230430_18,CA230430,Tuza - Red slip,Catambuco - San Damián,1
CA230430_19,CA230430,Tuza - Red slip,Catambuco - San Damián,1
CA230430_20,CA230430,Tuza - Red slip,Catambuco - San Damián,1
CA230430_21,CA230430,Tuza - Red slip,Catambuco - San Damián,1
CA230430_22,CA230430,Tuza - Red slip,Catambuco - San Damián,1
CA230430_23,CA230430,Tuza - Red slip,Catambuco - San Damián,1
CA230430_24,CA230430,Tuza - Red slip,Catambuco - San Damián,0.995884375
CA230430_25,CA230430,Tuza - Red slip,Catambuco - San Damián,0.984661083
CA230430_26,CA230430,Tuza - Red slip,Catambuco - San Damián,0.983042565
CA230430_27,CA230430,Tuza - Red slip,Catambuco - San Damián,0.990216804
CA230430_28,CA230430,Tuza - Red slip,Catambuco - San Damián,0.997885211
CA230430_29,CA230430,Tuza - Red slip,Catambuco - San Damián,1
CA230430_30,CA230430,Tuza - Red slip,Catambuco - San Damián,1
CA230430_31,CA230430,Tuza - Red slip,Catambuco - San Damián,1
CA230430_32,CA230430,Tuza - Red slip,Catambuco - San Damián,1
CA230430_33,CA230430,Tuza - Red slip,Catambuco - San Damián,1
CA230430_34,CA230430,Tuza - Red slip,Catambuco - San Damián,1
CA230430_35,CA230430,Tuza - Red slip,Catambuco - San Damián,1
CA230430_36,CA230430,Tuza - Red slip,Catambuco - San Damián,1
CA230715_1,CA230715,Tuza,Museo del Oro,1
CA230715_2,CA230715,Tuza,Museo del Oro,1
CA230715_3,CA230715,Tuza,Museo del Oro,1
CA230715_4,CA230715,Tuza,Museo del Oro,1
CA230715_5,CA230715,Tuza,Museo del Oro,1
CA230715_6,CA230715,Tuza,Museo del Oro,1
CA230715_7,CA230715,Tuza,Museo del Oro,1
CA230715_8,CA230715,Tuza,Museo del Oro,1
CA230715_9,CA230715,Tuza,Museo del Oro,1
CA230715_10,CA230715,Tuza,Museo del Oro,1
CA230715_11,CA230715,Tuza,Museo del Oro,1
CA230715_12,CA230715,Tuza,Museo del Oro,1
CA230715_13,CA230715,Tuza,Museo del Oro,1
CA230715_14,CA230715,Tuza,Museo del Oro,1
CA230715_15,CA230715,Tuza,Museo del Oro,1
CA230715_16,CA230715,Tuza,Museo del Oro,1
CA230715_17,CA230715,Tuza,Museo del Oro,1
CA230715_18,CA230715,Tuza,Museo del Oro,1
CA230715_19,CA230715,Tuza,Museo del Oro,1
CA230715_20,CA230715,Tuza,Museo del Oro,1
CA230715_21,CA230715,Tuza,Museo del Oro,1
CA230715_22,CA230715,Tuza,Museo del Oro,1
CA230715_23,CA230715,Tuza,Museo del Oro,1
CA230715_24,CA230715,Tuza,Museo del Oro,1
CA230715_25,CA230715,Tuza,Museo del Oro,1
CA230715_26,CA230715,Tuza,Museo del Oro,1
CA230715_27,CA230715,Tuza,Museo del Oro,1
CA230715_28,CA230715,Tuza,Museo del Oro,1
CA230715_29,CA230715,Tuza,Museo del Oro,1
CA230715_30,CA230715,Tuza,Museo del Oro,1
CA230715_31,CA230715,Tuza,Museo del Oro,1
CA230715_32,CA230715,Tuza,Museo del Oro,1
CA230715_33,CA230715,Tuza,Museo del Oro,1
CA230715_34,CA230715,Tuza,Museo del Oro,1
CA230715_35,CA230715,Tuza,Museo del Oro,1
CA230715_36,CA230715,Tuza,Museo del Oro,1
CA230717_1,CA230717,Piartal - 1,Museo del Oro,1
CA230717_2,CA230717,Piartal - 1,Museo del Oro,1
CA230717_3,CA230717,Piartal - 1,Museo del Oro,1
CA230717_4,CA230717,Piartal - 1,Museo del Oro,1
CA230717_5,CA230717,Piartal - 1,Museo del Oro,1
CA230717_6,CA230717,Piartal - 1,Museo del Oro,1
CA230717_7,CA230717,Piartal - 1,Museo del Oro,1
CA230717_8,CA230717,Piartal - 1,Museo del Oro,1
CA230717_9,CA230717,Piartal - 1,Museo del Oro,1
CA230717_10,CA230717,Piartal - 1,Museo del Oro,1
CA230717_11,CA230717,Piartal - 1,Museo del Oro,1
CA230717_12,CA230717,Piartal - 1,Museo del Oro,1
CA230717_13,CA230717,Piartal - 1,Museo del Oro,1
CA230717_14,CA230717,Piartal - 1,Museo del Oro,1
CA230717_15,CA230717,Piartal - 1,Museo del Oro,1
CA230717_16,CA230717,Piartal - 1,Museo del Oro,1
CA230717_17,CA230717,Piartal - 1,Museo del Oro,1
CA230717_18,CA230717,Piartal - 1,Museo del Oro,1
CA230717_19,CA230717,Piartal - 1,Museo del Oro,1
CA230717_20,CA230717,Piartal - 1,Museo del Oro,1
CA230717_21,CA230717,Piartal - 1,Museo del Oro,1
CA230717_22,CA230717,Piartal - 1,Museo del Oro,1
CA230717_23,CA230717,Piartal - 1,Museo del Oro,1
CA230717_24,CA230717,Piartal - 1,Museo del Oro,1
CA230717_25,CA230717,Piartal - 1,Museo del Oro,1
CA230717_26,CA230717,Piartal - 1,Museo del Oro,1
CA230717_27,CA230717,Piartal - 1,Museo del Oro,1
CA230717_28,CA230717,Piartal - 1,Museo del Oro,1
CA230717_29,CA230717,Piartal - 1,Museo del Oro,1
CA230717_30,CA230717,Piartal - 1,Museo del Oro,1
CA230717_31,CA230717,Piartal - 1,Museo del Oro,1
CA230717_32,CA230717,Piartal - 1,Museo del Oro,1
CA230717_33,CA230717,Piartal - 1,Museo del Oro,1
CA230717_34,CA230717,Piartal - 1,Museo del Oro,1
CA230717_35,CA230717,Piartal - 1,Museo del Oro,1
CA230717_36,CA230717,Piartal - 1,Museo del Oro,1
CA230718_1,CA230718,Tuza,Museo del Oro,1
CA230718_2,CA230718,Tuza,Museo del Oro,1
CA230718_3,CA230718,Tuza,Museo del Oro,1
CA230718_4,CA230718,Tuza,Museo del Oro,1
CA230718_5,CA230718,Tuza,Museo del Oro,1
CA230718_6,CA230718,Tuza,Museo del Oro,1
CA230718_7,CA230718,Tuza,Museo del Oro,1
CA230718_8,CA230718,Tuza,Museo del Oro,1
CA230718_9,CA230718,Tuza,Museo del Oro,1
CA230718_10,CA230718,Tuza,Museo del Oro,1
CA230718_11,CA230718,Tuza,Museo del Oro,1
CA230718_12,CA230718,Tuza,Museo del Oro,1
CA230718_13,CA230718,Tuza,Museo del Oro,1
CA230718_14,CA230718,Tuza,Museo del Oro,1
CA230718_15,CA230718,Tuza,Museo del Oro,1
CA230718_16,CA230718,Tuza,Museo del Oro,1
CA230718_17,CA230718,Tuza,Museo del Oro,1
CA230718_18,CA230718,Tuza,Museo del Oro,1
CA230718_19,CA230718,Tuza,Museo del Oro,1
CA230718_20,CA230718,Tuza,Museo del Oro,1
CA230718_21,CA230718,Tuza,Museo del Oro,1
CA230718_22,CA230718,Tuza,Museo del Oro,1
CA230718_23,CA230718,Tuza,Museo del Oro,1
CA230718_24,CA230718,Tuza,Museo del Oro,1
CA230718_25,CA230718,Tuza,Museo del Oro,1
CA230718_26,CA230718,Tuza,Museo del Oro,1
CA230718_27,CA230718,Tuza,Museo del Oro,1
CA230718_28,CA230718,Tuza,Museo del Oro,1
CA230718_29,CA230718,Tuza,Museo del Oro,1
CA230718_30,CA230718,Tuza,Museo del Oro,1
CA230718_31,CA230718,Tuza,Museo del Oro,1
CA230718_32,CA230718,Tuza,Museo del Oro,1
CA230718_33,CA230718,Tuza,Museo del Oro,1
CA230718_34,CA230718,Tuza,Museo del Oro,1
CA230718_35,CA230718,Tuza,Museo del Oro,1
CA230718_36,CA230718,Tuza,Museo del Oro,1
CA230724_1,CA230724,Tuza,Museo del Oro,1
CA230724_2,CA230724,Tuza,Museo del Oro,1
CA230724_3,CA230724,Tuza,Museo del Oro,1
CA230724_4,CA230724,Tuza,Museo del Oro,0.996094443
CA230724_5,CA230724,Tuza,Museo del Oro,0.993179322
CA230724_6,CA230724,Tuza,Museo del Oro,0.991696176
CA230724_7,CA230724,Tuza,Museo del Oro,0.992702407
CA230724_8,CA230724,Tuza,Museo del Oro,0.992353158
CA230724_9,CA230724,Tuza,Museo del Oro,0.991760837
CA230724_10,CA230724,Tuza,Museo del Oro,0.992400098
CA230724_11,CA230724,Tuza,Museo del Oro,0.993080009
CA230724_12,CA230724,Tuza,Museo del Oro,0.991035874
CA230724_13,CA230724,Tuza,Museo del Oro,0.991247265
CA230724_14,CA230724,Tuza,Museo del Oro,0.996028205
CA230724_15,CA230724,Tuza,Museo del Oro,0.999320912
CA230724_16,CA230724,Tuza,Museo del Oro,1
CA230724_17,CA230724,Tuza,Museo del Oro,1
CA230724_18,CA230724,Tuza,Museo del Oro,1
CA230724_19,CA230724,Tuza,Museo del Oro,1
CA230724_20,CA230724,Tuza,Museo del Oro,1
CA230724_21,CA230724,Tuza,Museo del Oro,1
CA230724_22,CA230724,Tuza,Museo del Oro,1
CA230724_23,CA230724,Tuza,Museo del Oro,1
CA230724_24,CA230724,Tuza,Museo del Oro,1
CA230724_25,CA230724,Tuza,Museo del Oro,0.993518923
CA230724_26,CA230724,Tuza,Museo del Oro,0.990711346
CA230724_27,CA230724,Tuza,Museo del Oro,0.991236186
CA230724_28,CA230724,Tuza,Museo del Oro,0.992139606
CA230724_29,CA230724,Tuza,Museo del Oro,0.992558031
CA230724_30,CA230724,Tuza,Museo del Oro,0.993009215
CA230724_31,CA230724,Tuza,Museo del Oro,0.99608748
CA230724_32,CA230724,Tuza,Museo del Oro,0.997608016
CA230724_33,CA230724,Tuza,Museo del Oro,0.997828502
CA230724_34,CA230724,Tuza,Museo del Oro,0.998067043
CA230724_35,CA230724,Tuza,Museo del Oro,0.997458292
CA230724_36,CA230724,Tuza,Museo del Oro,0.99841464
